quant,hour,Sumcurrent,SumTension
13803,01,5942.9599999998,4222600.0
8063,02,3512.32999999997,2536331.0
6729,03,2965.18999999997,2170669.0
6915,04,3064.49999999995,2258284.0
7784,05,3478.04999999996,2585623.0
8035,06,3621.01999999999,2718533.0
7898,07,3573.41999999999,2658784.0
8176,08,3696.75,2726160.0
3065,09,1392.57000000007,1026937.0
